"star_idx"|"FKEY"|"subfaction"
1|"LC"|"LC,Tamar Pact,Tamar Domains"
2|"OA"|"OA,Traders Domain"
3|"FWL"|"FWL,Marik Commonwealth"
8|"LC"|"LC,Protectorate of Donegal,Alarion Province"
9|"DC"|"DC,Pesht Military District,Ningxia Prefecture"
11|"LC"|"LC,Protectorate of Donegal,Alarion Province"
13|"LC"|"LC,Protectorate of Donegal,Coventry Province"
14|"CC"|"CC,Sarna Commonality,Region 7"
17|"CC"|"CC,Sarna Commonality,Region 4"
20|"FS"|"FS,Crucis March,Markesan Operational Area,Region 1"
23|"FWL"|"FWL,Marik Commonwealth"
24|"DC"|"DC,Pesht Military District,Pusht-i-rud Prefecture"
25|"MOC"|"MOC,Luxen Province"
28|"FS"|"FS,Crucis March,Minette Operational Area,Broken Wheel Combat Region"
31|"MOC"|"MOC,Canopus District"
32|"CC"|"CC,St. Ives Commonality,Region 3"
36|"MOC"|"MOC,Canopus District"
38|"DC"|"DC,Benjamin Military District,Ashio Prefecture"
40|"FS"|"FS,Capellan March,Kathil Operational Area,Region 2"
44|"LC"|"LC,Protectorate of Donegal,Alarion Province"
45|"FWL"|"FWL,Principality of Regulus"
46|"DC"|"DC,Benjamin Military District,Kajikazawa Prefecture"
49|"LC"|"LC,Protectorate of Donegal,Alarion Province"
53|"DC"|"DC,Benjamin Military District,Ashio Prefecture"
54|"FWL"|"FWL,Duchy of Graham-Marik"
58|"CC"|"CC,St. Ives Commonality,Region 3"
59|"CC"|"CC,Tikonov Commonality,Region 2"
60|"CC"|"CC,Capella Commonality,Region 2"
62|"OA"|"OA,Ramora Province"
64|"CC"|"CC,Sian Commonality,Region 11"
72|"LC"|"LC,Federation of Skye,Isle of Skye"
73|"TH"|"TH,New Dallas Province"
81|"LC"|"LC,Protectorate of Donegal,District of Donegal"
86|"FWL"|"FWL"
89|"LC"|"LC,Federation of Skye,Isle of Skye"
96|"FS"|"FS,Draconis March,Woodbine Operational Area,Region 1"
97|"TH"|"TH,Lone Star Province"
98|"DC"|"DC,Benjamin Military District,Kuzuu Prefecture"
103|"TC"|"TC,Dumassas Region"
104|"CC"|"CC,St. Ives Commonality,Region 3"
108|"CC"|"CC,Sian Commonality,Region 3"
109|"LC"|"LC,Protectorate of Donegal,Furillo Province"
114|"TC"|"TC,Perdition Union"
117|"FS"|"FS,Crucis March,Markesan Operational Area,Region 1"
120|"OA"|"OA,Onverwacht Province"
121|"CC"|"CC,Sian Commonality,Region 8"
123|"CC"|"CC,Sarna Commonality,Region 7"
124|"FS"|"FS,Capellan March,Taygeta Operational Area,Region 2"
134|"FWL"|"FWL,Marik Commonwealth"
136|"TH"|"TH,Lockdale Province"
137|"TC"|"TC,Dumassas Region"
144|"LC"|"LC,Protectorate of Donegal,Alarion Province"
150|"LC"|"LC,Tamar Pact,Trellshire"
151|"CC"|"CC,Capella Commonality,Region 6"
162|"FWL"|"FWL"
168|"DC"|"DC,Rasalhague Military District,Tinaca Prefecture"
170|"LC"|"LC,Protectorate of Donegal,Furillo Province"
174|"DC"|"DC,Benjamin Military District,Baldur Prefecture"
176|"DC"|"DC,Galedon Military District,Matsuida Prefecture"
182|"FS"|"FS,Draconis March,Woodbine Operational Area,Region 2"
184|"TC"|"TC,Brinton Union"
189|"FWL"|"FWL,Marik Commonwealth"
195|"FWL"|"FWL,Duchy of Andurien"
196|"TH"|"TH,Alliance Core"
198|"TH"|"TH,Lone Star Province"
202|"FWL"|"FWL,Marik Commonwealth,Faction Capital"
206|"FWL"|"FWL"
207|"LC"|"LC,Federation of Skye,Kannon Shire"
208|"FS"|"FS,Capellan March,Taygeta Operational Area,Region 1"
217|"FS"|"FS,Crucis March,Markesan Operational Area,Region 1"
224|"I"|"I"
225|"CC"|"CC,Sarna Commonality,Region 7"
229|"CC"|"CC,Tikonov Commonality,Region 2"
230|"OA"|"OA,Traders Domain"
232|"DC"|"DC,Benjamin Military District,Baldur Prefecture"
233|"CC"|"CC,St. Ives Commonality,Region 6"
234|"DC"|"DC,Galedon Military District,New Samarkand Prefecture"
235|"TC"|"TC,Dumassas Region"
236|"TC"|"TC,Dumassas Region"
237|"LC"|"LC,Protectorate of Donegal,Coventry Province"
240|"LC"|"LC,Tamar Pact,Trellshire"
241|"DC"|"DC,Benjamin Military District,Baldur Prefecture,Minor Capital"
248|"TC"|"TC,Dumassas Region"
255|"OA"|"OA,Ramora Province"
257|"FS"|"FS,Crucis March,Chirikof Operational Area,Region 3"
258|"LC"|"LC,Protectorate of Donegal,Coventry Province"
259|"FWL"|"FWL"
260|"FS"|"FS,Draconis March,Fairfax Operational Area,Region 1"
261|"CC"|"CC,Sian Commonality,Region 8"
262|"FS"|"FS,Crucis March,Markesan Operational Area,Region 1"
263|"FS"|"FS,Crucis March,Minette Operational Area,Broken Wheel Combat Region"
267|"FS"|"FS,Crucis March,Chirikof Operational Area,Region 2"
274|"FS"|"FS,Crucis March,Markesan Operational Area,Region 1"
276|"FS"|"FS,Crucis March,Minette Operational Area,Point Barrow Combat Region"
277|"LC"|"LC,Federation of Skye,Kannon Shire"
280|"LC"|"LC,Protectorate of Donegal,Coventry Province"
283|"I"|"I"
285|"FS"|"FS,Crucis March,Markesan Operational Area,Region 1"
288|"DC"|"DC,Benjamin Military District,Kajikazawa Prefecture"
303|"LC"|"LC,Tamar Pact,Trellshire"
305|"I"|"I"
309|"CC"|"CC,Tikonov Commonality,Region 4"
311|"LC"|"LC,Tamar Pact,Trellshire"
314|"CC"|"CC,Sian Commonality,Region 7"
316|"CC"|"CC,St. Ives Commonality,Region 3"
323|"DC"|"DC,Benjamin Military District,Xinyang Prefecture"
324|"LC"|"LC,Protectorate of Donegal,Coventry Province"
325|"DC"|"DC,Benjamin Military District,Ashio Prefecture"
326|"DC"|"DC,Pesht Military District,Kagoshima Prefecture"
327|"LC"|"LC,Protectorate of Donegal,Alarion Province"
332|"FWL"|"FWL,Principality of Regulus"
335|"DC"|"DC,Pesht Military District,Bjarred Prefecture,Minor Capital"
336|"LC"|"LC,Protectorate of Donegal,Furillo Province"
342|"CC"|"CC,St. Ives Commonality,Region 5"
344|"OA"|"OA,Blommestein Province,Major Capital"
346|"LC"|"LC,Protectorate of Donegal,Coventry Province"
347|"FWL"|"FWL"
348|"OA"|"OA,Traders Domain"
349|"FS"|"FS,Crucis March,Minette Operational Area,Point Barrow Combat Region"
351|"I"|"I"
352|"CC"|"CC,Capella Commonality,Region 6"
354|"CC"|"CC,St. Ives Commonality,Region 7"
355|"FS"|"FS,Capellan March,Kathil Operational Area,Region 2"
356|"FS"|"FS,Crucis March,Markesan Operational Area,Region 2"
359|"LC"|"LC,Protectorate of Donegal,Furillo Province"
360|"FWL"|"FWL"
366|"CC"|"CC,Sarna Commonality,Region 4"
374|"FS"|"FS,Draconis March,Woodbine Operational Area,Region 1"
375|"I"|"I"
377|"LC"|"LC,Protectorate of Donegal,District of Donegal"
378|"FWL"|"FWL"
382|"FS"|"FS,Capellan March,Kathil Operational Area,Region 2"
383|"OA"|"OA,Ramora Province"
384|"CC"|"CC,Sian Commonality,Region 10"
390|"LC"|"LC,Protectorate of Donegal,District of Donegal"
391|"CC"|"CC,St. Ives Commonality,Region 2"
394|"TC"|"TC,Brinton Union,Major Capital"
400|"FS"|"FS,Crucis March,Minette Operational Area,Broken Wheel Combat Region"
404|"FS"|"FS,Draconis March,Woodbine Operational Area,Region 1"
411|"DC"|"DC,Galedon Military District,Kaznejoy Prefecture"
412|"CC"|"CC,Tikonov Commonality,Region 3"
415|"DC"|"DC,Galedon Military District,Kaznejoy Prefecture"
427|"TC"|"TC,Dumassas Region"
429|"FS"|"FS,Draconis March,Woodbine Operational Area,Region 1"
431|"FS"|"FS,Crucis March,Markesan Operational Area,Region 2"
432|"I"|"I"
433|"FWL"|"FWL,Marik Commonwealth"
448|"I"|"I"
449|"TC"|"TC,Hyades Union"
452|"LC"|"LC,Protectorate of Donegal,District of Donegal"
466|"TH"|"TH,Alliance Core"
468|"DC"|"DC,Galedon Military District,Kaznejoy Prefecture"
471|"CC"|"CC,Capella Commonality,Region 6"
472|"FS"|"FS,Draconis March,Fairfax Operational Area,Region 2"
477|"FS"|"FS,Capellan March,Taygeta Operational Area,Region 1"
487|"TH"|"TH,Alliance Core"
488|"FWL"|"FWL"
490|"DC"|"DC,Rasalhague Military District,Tinaca Prefecture"
491|"DC"|"DC,Galedon Military District,Kaznejoy Prefecture"
492|"FWL"|"FWL"
493|"CC"|"CC,Sian Commonality,Region 4"
496|"CC"|"CC,Sian Commonality,Region 9"
497|"LC"|"LC,Protectorate of Donegal,Alarion Province"
504|"TC"|"TC,Perdition Union"
505|"I"|"I"
506|"OA"|"OA,Cerberus Province,Major Capital"
507|"FWL"|"FWL,Rim Commonality"
511|"LC"|"LC,Federation of Skye,Virginia Shire"
514|"FS"|"FS,Crucis March,Chirikof Operational Area,Region 1"
515|"FWL"|"FWL"
516|"CC"|"CC,Sarna Commonality,Region 3"
524|"FS"|"FS,Crucis March,Markesan Operational Area,Region 2"
525|"LC"|"LC,Tamar Pact,Trellshire"
526|"DC"|"DC,Pesht Military District,Kagoshima Prefecture"
529|"FS"|"FS,Crucis March,Markesan Operational Area,Region 3"
531|"FS"|"FS,Draconis March,Woodbine Operational Area,Region 2"
533|"DC"|"DC,Pesht Military District,Kagoshima Prefecture"
536|"LC"|"LC,Protectorate of Donegal,Coventry Province"
537|"LC"|"LC,Protectorate of Donegal,Alarion Province"
542|"DC"|"DC,Galedon Military District,New Samarkand Prefecture"
543|"DC"|"DC,Galedon Military District,New Samarkand Prefecture"
545|"TH"|"TH,Brownsville Province"
546|"I"|"I"
550|"DC"|"DC,Pesht Military District,Pusht-i-rud Prefecture"
553|"FS"|"FS,Capellan March,Taygeta Operational Area,Region 1"
556|"DC"|"DC,Pesht Military District,Bjarred Prefecture"
557|"LC"|"LC,Protectorate of Donegal,Alarion Province"
559|"DC"|"DC,Galedon Military District,Kaznejoy Prefecture"
564|"CC"|"CC,Andurien Commonality,Region 2"
566|"LC"|"LC,Protectorate of Donegal,Coventry Province"
570|"FS"|"FS,Crucis March,Chirikof Operational Area,Region 2"
571|"FS"|"FS,Draconis March,Woodbine Operational Area,Region 2"
572|"FS"|"FS,Crucis March,Markesan Operational Area,Region 2"
584|"FWL"|"FWL"
588|"DC"|"DC,Galedon Military District,Kaznejoy Prefecture"
591|"I"|"I"
594|"OA"|"OA,Cerberus Province"
597|"CC"|"CC,St. Ives Commonality,Region 7"
599|"DC"|"DC,Rasalhague Military District,Tinaca Prefecture"
601|"FS"|"FS,Draconis March,Woodbine Operational Area,Region 2"
603|"TC"|"TC,Brinton Union"
605|"DC"|"DC,Benjamin Military District,Xinyang Prefecture"
610|"CC"|"CC,Sian Commonality,Region 11"
614|"FS"|"FS,Crucis March,Minette Operational Area,Point Barrow Combat Region"
615|"OA"|"OA,Onverwacht Province"
616|"FWL"|"FWL,Principality of Regulus"
618|"MOC"|"MOC,Ballad Province"
621|"MOC"|"MOC,Ballad Province"
623|"OA"|"OA,Traders Domain"
629|"I"|"I"
630|"LC"|"LC,Tamar Pact,Trellshire"
634|"LC"|"LC,Protectorate of Donegal,District of Donegal"
636|"CC"|"CC,Andurien Commonality,Region 2"
638|"LC"|"LC,Tamar Pact,Tamar Domains"
640|"DC"|"DC,Benjamin Military District,Ashio Prefecture"
642|"DC"|"DC,Pesht Military District,Kagoshima Prefecture"
643|"TC"|"TC,Dumassas Region"
644|"LC"|"LC,Protectorate of Donegal,Alarion Province"
645|"DC"|"DC,Benjamin Military District,Kuzuu Prefecture"
649|"FWL"|"FWL"
657|"FWL"|"FWL,Federation of Oriente"
658|"CC"|"CC,St. Ives Commonality,Region 3"
664|"DC"|"DC,Benjamin Military District,Baldur Prefecture"
665|"FS"|"FS,Crucis March,Chirikof Operational Area,Region 2"
667|"FS"|"FS,Crucis March,Minette Operational Area,Tsamma Combat Region"
669|"FWL"|"FWL,Federation of Oriente"
675|"FS"|"FS,Crucis March,Minette Operational Area,Point Barrow Combat Region"
678|"FS"|"FS,Draconis March,Woodbine Operational Area,Region 2"
684|"FS"|"FS,Draconis March,Woodbine Operational Area,Region 2"
686|"FS"|"FS,Capellan March,Kathil Operational Area,Region 1"
689|"TH"|"TH,Lockdale Province"
692|"I"|"I"
696|"DC"|"DC,Galedon Military District,Matsuida Prefecture"
697|"FS"|"FS,Capellan March,Taygeta Operational Area,Region 2"
698|"I"|"I"
701|"LC"|"LC,Tamar Pact,Trellshire"
702|"LC"|"LC,Tamar Pact,Tamar Domains"
707|"FS"|"FS,Draconis March,Woodbine Operational Area,Region 1"
710|"FWL"|"FWL,Marik Commonwealth"
714|"TH"|"TH,Lone Star Province"
722|"FS"|"FS,Crucis March,Markesan Operational Area,Region 3"
725|"DC"|"DC,Galedon Military District,New Samarkand Prefecture"
727|"FS"|"FS,Crucis March,Markesan Operational Area,Region 3"
731|"LC"|"LC,Protectorate of Donegal,District of Donegal,Major Capital"
732|"DC"|"DC,Benjamin Military District,Irurzun Prefecture"
733|"FS"|"FS,Draconis March,Robinson Operational Area,Region 2"
735|"LC"|"LC,Tamar Pact,Camlann Shire"
742|"LC"|"LC,Federation of Skye,Isle of Skye"
749|"LC"|"LC,Protectorate of Donegal,District of Donegal"
751|"TC"|"TC,Dumassas Union,Major Capital"
754|"DC"|"DC,Galedon Military District,New Samarkand Prefecture"
755|"MOC"|"MOC,Ballad Province"
758|"FS"|"FS,Draconis March,Woodbine Operational Area,Region 2"
762|"MOC"|"MOC,Ballad Province"
764|"MOC"|"MOC,Canopus District"
768|"DC"|"DC,Pesht Military District,Bjarred Prefecture"
769|"LC"|"LC,Federation of Skye,Virginia Shire"
775|"LC"|"LC,Protectorate of Donegal,Furillo Province"
780|"FS"|"FS,Crucis March,Markesan Operational Area,Region 3"
781|"CC"|"CC,Andurien Commonality,Region 1"
783|"FFR"|"FFR"
788|"FWL"|"FWL"
791|"DC"|"DC,Benjamin Military District,Kuzuu Prefecture"
793|"FWL"|"FWL"
809|"FS"|"FS,Draconis March,Fairfax Operational Area,Region 2"
810|"LC"|"LC,Protectorate of Donegal,Alarion Province"
811|"CC"|"CC,Capella Commonality,Region 6"
815|"I"|"I"
818|"FWL"|"FWL"
820|"LC"|"LC,Protectorate of Donegal,District of Donegal"
823|"CC"|"CC,Andurien Commonality,Region 3"
826|"FWL"|"FWL,Marik Commonwealth"
829|"TC"|"TC,Perdition Union"
830|"FS"|"FS,Crucis March,Minette Operational Area,Broken Wheel Combat Region"
834|"FS"|"FS,Crucis March,Markesan Operational Area,Region 1"
835|"LC"|"LC,Protectorate of Donegal,Coventry Province"
836|"CC"|"CC,Capella Commonality,Region 6"
837|"FS"|"FS,Draconis March,Robinson Operational Area,Region 1"
839|"CC"|"CC,Andurien Commonality,Region 2"
849|"MOC"|"MOC,Canopus District"
853|"FS"|"FS,Crucis March,Markesan Operational Area,Region 1"
856|"LC"|"LC,Tamar Pact,Camlann Shire"
857|"OA"|"OA,Blommestein Province"
860|"LC"|"LC,Protectorate of Donegal,Alarion Province"
862|"DC"|"DC,Rasalhague Military District,Trondheim Prefecture"
863|"FS"|"FS,Crucis March,Chirikof Operational Area,Region 1"
865|"FS"|"FS,Crucis March,Minette Operational Area,Broken Wheel Combat Region"
866|"LC"|"LC,Federation of Skye,Rahneshire"
867|"FWL"|"FWL,Regulan Free States"
869|"FS"|"FS,Crucis March,Minette Operational Area,Broken Wheel Combat Region"
872|"FFR"|"FFR,Faction Capital"
875|"LC"|"LC,Protectorate of Donegal,Alarion Province"
879|"TC"|"TC,Perdition Union"
880|"TC"|"TC,Hyades Union"
882|"FWL"|"FWL,Federation of Oriente"
884|"FS"|"FS,Capellan March,Taygeta Operational Area,Region 2"
885|"CC"|"CC,Sian Commonality,Region 5"
892|"CC"|"CC,Sarna Commonality,Region 2"
894|"LC"|"LC,Protectorate of Donegal,District of Donegal"
908|"DC"|"DC,Benjamin Military District,Kajikazawa Prefecture"
913|"I"|"I"
914|"LC"|"LC,Federation of Skye,Isle of Skye"
928|"FS"|"FS,Crucis March,Chirikof Operational Area,Region 2"
929|"FS"|"FS,Crucis March,Minette Operational Area,Tsamma Combat Region"
934|"TC"|"TC,Brinton Union"
939|"DC"|"DC,Rasalhague Military District,Trondheim Prefecture"
944|"CC"|"CC,Sarna Commonality,Region 7"
946|"MOC"|"MOC,Ballad Province"
949|"LC"|"LC,Protectorate of Donegal,Furillo Province"
953|"LC"|"LC,Protectorate of Donegal,Furillo Province"
955|"FS"|"FS,Crucis March,Minette Operational Area,Broken Wheel Combat Region"
957|"I"|"I"
970|"OA"|"OA,Traders Domain"
972|"LC"|"LC,Protectorate of Donegal,Coventry Province"
975|"DC"|"DC,Rasalhague Military District,Radstadt Prefecture"
976|"LC"|"LC,Tamar Pact,Trellshire"
978|"FWL"|"FWL,Federation of Oriente"
982|"CC"|"CC,Capella Commonality,Region 1"
986|"DC"|"DC,Galedon Military District,New Samarkand Prefecture"
991|"FWL"|"FWL"
992|"CC"|"CC,Sian Commonality,Region 8"
994|"OA"|"OA,Traders Domain"
997|"FS"|"FS,Crucis March,Markesan Operational Area,Region 3"
999|"FS"|"FS,Crucis March,Chirikof Operational Area,Region 3"
1001|"FS"|"FS,Draconis March,Woodbine Operational Area,Region 1"
1004|"OA"|"OA,Cerberus Province"
1006|"FWL"|"FWL,Stewart Confederation"
1011|"DC"|"DC,Galedon Military District,Kaznejoy Prefecture"
1018|"FS"|"FS,Crucis March,Chirikof Operational Area,Region 1"
1020|"LC"|"LC,Tamar Pact,Tamar Domains"
1021|"CC"|"CC,St. Ives Commonality,Region 4"
1022|"FS"|"FS,Crucis March,Chirikof Operational Area,Region 1"
1024|"I"|"I"
1025|"LC"|"LC,Protectorate of Donegal,Furillo Province"
1026|"CC"|"CC,St. Ives Commonality,Region 7"
1028|"TH"|"TH,New Dallas Province"
1030|"CC"|"CC,Capella Commonality,Region 7"
1034|"LC"|"LC,Tamar Pact,Tamar Domains"
1037|"LC"|"LC,Protectorate of Donegal,Furillo Province"
1039|"LC"|"LC,Protectorate of Donegal,Alarion Province"
1050|"DC"|"DC,Pesht Military District,Coudoux Prefecture"
1052|"CC"|"CC,Sian Commonality,Region 9"
1060|"FS"|"FS,Draconis March,Fairfax Operational Area,Region 1"
1062|"DC"|"DC,Pesht Military District,Pusht-i-rud Prefecture"
1066|"MOC"|"MOC,Canopus District"
1069|"FS"|"FS,Draconis March,Woodbine Operational Area,Region 1"
1071|"FS"|"FS,Draconis March,Woodbine Operational Area,Region 2"
1074|"I"|"I"
1077|"FWL"|"FWL"
1078|"LC"|"LC,Protectorate of Donegal,Alarion Province"
1082|"I"|"I"
1086|"FS"|"FS,Capellan March,Kathil Operational Area,Region 2"
1089|"FWL"|"FWL"
1093|"FS"|"FS,Crucis March,Minette Operational Area,Broken Wheel Combat Region"
1094|"FS"|"FS,Capellan March,Kathil Operational Area,Region 2"
1095|"I"|"I"
1100|"I"|"I"
1103|"FS"|"FS,Capellan March,Taygeta Operational Area,Region 2"
1107|"CC"|"CC,Sian Commonality,Region 13"
1110|"DC"|"DC,Benjamin Military District,Irurzun Prefecture"
1115|"FWL"|"FWL,Principality of Regulus"
1117|"FS"|"FS,Draconis March,Woodbine Operational Area,Region 2"
1118|"FS"|"FS,Capellan March,Taygeta Operational Area,Region 1"
1119|"FS"|"FS,Capellan March,Taygeta Operational Area,Region 2"
1126|"DC"|"DC,Rasalhague Military District,Trondheim Prefecture"
1136|"LC"|"LC,Protectorate of Donegal,Furillo Province"
1138|"FS"|"FS,Crucis March,Minette Operational Area,Broken Wheel Combat Region"
1141|"LC"|"LC,Protectorate of Donegal,Coventry Province"
1147|"DC"|"DC,Galedon Military District,Kaznejoy Prefecture"
1148|"CC"|"CC,Sian Commonality,Region 13"
1149|"FWL"|"FWL,Duchy of Andurien"
1156|"CC"|"CC,Capella Commonality,Region 5"
1158|"FS"|"FS,Crucis March,Markesan Operational Area,Region 2"
1161|"FS"|"FS,Capellan March,Taygeta Operational Area,Region 2"
1172|"DC"|"DC,Rasalhague Military District,Trondheim Prefecture"
1173|"CC"|"CC,Sian Commonality,Region 6"
1174|"DC"|"DC,Galedon Military District,Matsuida Prefecture"
1175|"DC"|"DC,Benjamin Military District,Xinyang Prefecture"
1177|"CC"|"CC,Sian Commonality,Region 2"
1181|"TC"|"TC,Hyades Union"
1187|"FS"|"FS,Crucis March,Markesan Operational Area,Region 2"
1188|"TH"|"TH,Lone Star Province"
1189|"CC"|"CC,St. Ives Commonality,Region 4"
1190|"TC"|"TC,Hyades Union"
1195|"I"|"I"
1196|"FS"|"FS,Crucis March,Chirikof Operational Area,Region 1"
1197|"CC"|"CC,Capella Commonality,Region 1"
1198|"CC"|"CC,Andurien Commonality,Region 2"
1200|"I"|"I"
1201|"FS"|"FS,Draconis March,Woodbine Operational Area,Region 2"
1205|"FWL"|"FWL,Marik Commonwealth"
1213|"DC"|"DC,Galedon Military District,Oshika Prefecture"
1222|"MOC"|"MOC,Luxen Province"
1232|"LC"|"LC,Protectorate of Donegal,Alarion Province"
1233|"TC"|"TC,Hyades Union"
1235|"I"|"I"
1238|"CC"|"CC,Capella Commonality,Region 6"
1244|"DC"|"DC,Pesht Military District,Bjarred Prefecture"
1256|"OA"|"OA,Cerberus Province"
1257|"FS"|"FS,Crucis March,Markesan Operational Area,Region 1"
1258|"CC"|"CC,Sarna Commonality,Region 2"
1260|"OA"|"OA,Alpheratz Province"
1264|"FWL"|"FWL,Federation of Oriente"
1266|"DC"|"DC,Pesht Military District,Kagoshima Prefecture"
1268|"DC"|"DC,Benjamin Military District,Proserpina Prefecture"
1269|"FS"|"FS,Crucis March,Chirikof Operational Area,Region 3"
1271|"FS"|"FS,Draconis March,Woodbine Operational Area,Region 1"
1276|"FS"|"FS,Crucis March,Chirikof Operational Area,Region 1"
1277|"CC"|"CC,Sarna Commonality,Region 5"
1282|"OA"|"OA,Baliggora Province"
1284|"CC"|"CC,Andurien Commonality,Region 2"
1286|"FWL"|"FWL"
1287|"FWL"|"FWL,Duchy of Andurien,Major Capital"
1289|"LC"|"LC,Tamar Pact,Tamar Domains"
1293|"DC"|"DC,Pesht Military District,Ningxia Prefecture"
1294|"FWL"|"FWL,Principality of Regulus"
1295|"FWL"|"FWL"
1296|"LC"|"LC,Tamar Pact,Camlann Shire"
1298|"CC"|"CC,Andurien Commonality,Region 1"
1305|"FWL"|"FWL,Principality of Regulus"
1308|"DC"|"DC,Benjamin Military District,Kuzuu Prefecture"
1310|"DC"|"DC,Benjamin Military District,Kuzuu Prefecture"
1311|"FS"|"FS,Capellan March,Taygeta Operational Area,Region 2"
1312|"DC"|"DC,Galedon Military District,Matsuida Prefecture"
1313|"TH"|"TH,Lockdale Province"
1315|"DC"|"DC,Galedon Military District,Kaznejoy Prefecture,Minor Capital"
1316|"CC"|"CC,Sian Commonality,Region 11"
1324|"DC"|"DC,Rasalhague Military District,Radstadt Prefecture"
1327|"FS"|"FS,Draconis March,Woodbine Operational Area,Region 1"
1329|"FS"|"FS,Draconis March,Robinson Operational Area,Region 1"
1330|"FS"|"FS,Draconis March,Woodbine Operational Area,Region 2"
1332|"CC"|"CC,Sian Commonality,Region 12"
1334|"DC"|"DC,Galedon Military District,Kaznejoy Prefecture"
1337|"FS"|"FS,Capellan March,Taygeta Operational Area,Region 2"
1340|"LC"|"LC,Protectorate of Donegal,Coventry Province"
1342|"LC"|"LC,Protectorate of Donegal,Alarion Province"
1344|"DC"|"DC,Benjamin Military District,Baldur Prefecture"
1354|"LC"|"LC,Federation of Skye,Virginia Shire"
1357|"OA"|"OA,Ramora Province"
1358|"FS"|"FS,Draconis March,Woodbine Operational Area,Region 1"
1360|"DC"|"DC,Galedon Military District,Matsuida Prefecture"
1361|"LC"|"LC,Federation of Skye,Virginia Shire"
1362|"FWL"|"FWL,Marik Commonwealth"
1363|"FS"|"FS,Crucis March,Markesan Operational Area,Region 2"
1365|"DC"|"DC,Rasalhague Military District,Trondheim Prefecture"
1366|"FS"|"FS,Capellan March,Taygeta Operational Area,Region 2"
1372|"LC"|"LC,Protectorate of Donegal,Alarion Province"
1374|"FS"|"FS,Draconis March,Robinson Operational Area,Region 2"
1376|"MOC"|"MOC,Ballad Province"
1380|"I"|"I"
1384|"LC"|"LC,Protectorate of Donegal,District of Donegal"
1385|"FWL"|"FWL"
1390|"FWL"|"FWL"
1392|"LC"|"LC,Federation of Skye,Virginia Shire"
1402|"MOC"|"MOC,Ballad Province"
1403|"LC"|"LC,Protectorate of Donegal,Alarion Province"
1404|"FS"|"FS,Crucis March,Chirikof Operational Area,Region 1"
1408|"OA"|"OA,Traders Domain"
1410|"CC"|"CC,Sian Commonality,Region 9"
1411|"LC"|"LC,Tamar Pact,Trellshire"
1413|"LC"|"LC,Protectorate of Donegal,Coventry Province"
1417|"LC"|"LC,Protectorate of Donegal,Coventry Province"
1418|"FS"|"FS,Crucis March,Minette Operational Area,Tsamma Combat Region"
1420|"CC"|"CC,Sian Commonality,Region 2"
1421|"CC"|"CC,St. Ives Commonality,Region 6"
1423|"I"|"I"
1426|"CC"|"CC,Sian Commonality,Region 9"
1427|"FWL"|"FWL"
1428|"DC"|"DC,Benjamin Military District,Kuzuu Prefecture,Minor Capital"
1432|"LC"|"LC,Protectorate of Donegal,Coventry Province"
1433|"FWL"|"FWL,Federation of Oriente"
1434|"CC"|"CC,Tikonov Commonality,Region 5"
1435|"LC"|"LC,Federation of Skye,Isle of Skye"
1438|"FWL"|"FWL"
1443|"TC"|"TC,Hyades Union"
1445|"LC"|"LC,Federation of Skye,Virginia Shire"
1447|"LC"|"LC,Federation of Skye,Rahneshire"
1449|"FWL"|"FWL,Marik Commonwealth"
1455|"LC"|"LC,Protectorate of Donegal,Alarion Province"
1460|"OA"|"OA,Traders Domain"
1463|"DC"|"DC,Galedon Military District,Kaznejoy Prefecture"
1464|"CC"|"CC,Sian Commonality,Region 7"
1466|"FWL"|"FWL,Marik Commonwealth"
1469|"FS"|"FS,Crucis March,Markesan Operational Area,Region 1"
1470|"FS"|"FS,Draconis March,Robinson Operational Area,Region 2"
1471|"FS"|"FS,Crucis March,Markesan Operational Area,Region 3"
1473|"LC"|"LC,Protectorate of Donegal,District of Donegal"
1474|"TC"|"TC,Dumassas Region"
1476|"DC"|"DC,Benjamin Military District,Xinyang Prefecture"
1485|"CC"|"CC,Andurien Commonality,Region 2"
1486|"DC"|"DC,Pesht Military District,Pusht-i-rud Prefecture"
1488|"LC"|"LC,Tamar Pact,Trellshire"
1490|"DC"|"DC,Galedon Military District,Matsuida Prefecture"
1493|"FS"|"FS,Capellan March,Taygeta Operational Area,Region 2"
1498|"LC"|"LC,Protectorate of Donegal,District of Donegal"
1499|"TH"|"TH,New Dallas Province"
1507|"FS"|"FS,Crucis March,Markesan Operational Area,Region 1"
1509|"LC"|"LC,Protectorate of Donegal,Alarion Province"
1514|"FWL"|"FWL"
1515|"OA"|"OA,Alpheratz Province"
1519|"LC"|"LC,Protectorate of Donegal,Coventry Province"
1523|"LC"|"LC,Tamar Pact,Trellshire"
1524|"LC"|"LC,Protectorate of Donegal,Coventry Province"
1526|"DC"|"DC,Pesht Military District,Kagoshima Prefecture"
1528|"FS"|"FS,Draconis March,Robinson Operational Area,Region 2"
1531|"TC"|"TC,Dumassas Region"
1533|"LC"|"LC,Protectorate of Donegal,Coventry Province"
1535|"FWL"|"FWL,Federation of Oriente"
1544|"FS"|"FS,Crucis March,Markesan Operational Area,Region 3"
1547|"CC"|"CC,Sian Commonality,Region 14"
1548|"FFR"|"FFR"
1549|"LC"|"LC,Protectorate of Donegal,Coventry Province"
1550|"I"|"I"
1552|"FS"|"FS,Crucis March,Chirikof Operational Area,Region 2"
1553|"FWL"|"FWL"
1554|"FS"|"FS,Crucis March,Minette Operational Area,Anjin Muerto Combat Region"
1559|"LC"|"LC,Protectorate of Donegal,Alarion Province"
1560|"CC"|"CC,Sian Commonality,Region 10"
1561|"LC"|"LC,Tamar Pact,Tamar Domains"
1562|"FS"|"FS,Capellan March,Taygeta Operational Area,Region 1"
1568|"LC"|"LC,Protectorate of Donegal,Alarion Province"
1569|"I"|"I"
1570|"CC"|"CC,St. Ives Commonality,Region 4"
1573|"FWL"|"FWL"
1575|"DC"|"DC,Pesht Military District,Kagoshima Prefecture"
1578|"CC"|"CC,Sian Commonality,Region 10"
1581|"TH"|"TH,Brownsville Province"
1585|"OA"|"OA,Blommestein Province"
1586|"CC"|"CC,Tikonov Commonality,Region 5"
1587|"FWL"|"FWL"
1591|"FS"|"FS,Crucis March,Minette Operational Area,Tsamma Combat Region"
1592|"DC"|"DC,Rasalhague Military District,Tinaca Prefecture"
1593|"FWL"|"FWL,Abbey District"
1594|"FS"|"FS,Crucis March,Minette Operational Area,Tsamma Combat Region"
1595|"FWL"|"FWL"
1602|"FWL"|"FWL"
1603|"DC"|"DC,Rasalhague Military District,Tinaca Prefecture"
1605|"FS"|"FS,Draconis March,Robinson Operational Area,Region 2"
1608|"FS"|"FS,Crucis March,Minette Operational Area,Broken Wheel Combat Region"
1610|"OA"|"OA,Blommestein Province"
1613|"DC"|"DC,Benjamin Military District,Ashio Prefecture"
1615|"FS"|"FS,Crucis March,Markesan Operational Area,Region 1"
1617|"FS"|"FS,Capellan March,Taygeta Operational Area,Region 2"
1618|"FWL"|"FWL"
1623|"DC"|"DC,Pesht Military District,Bjarred Prefecture"
1626|"CC"|"CC,Sarna Commonality,Region 5"
1630|"DC"|"DC,Rasalhague Military District,Tinaca Prefecture"
1635|"I"|"I"
1641|"DC"|"DC,Galedon Military District,Matsuida Prefecture"
1642|"DC"|"DC,Galedon Military District,Kaznejoy Prefecture"
1643|"FS"|"FS,Crucis March,Markesan Operational Area,Region 1"
1645|"FWL"|"FWL,Federation of Oriente"
1650|"CC"|"CC,Sian Commonality,Region 14"
1651|"LC"|"LC,Protectorate of Donegal,Coventry Province"
1652|"DC"|"DC,Galedon Military District,Kaznejoy Prefecture"
1653|"LC"|"LC,Protectorate of Donegal,Furillo Province"
1655|"TC"|"TC,Hyades Union"
1659|"FWL"|"FWL"
1660|"DC"|"DC,Benjamin Military District,Baldur Prefecture"
1663|"FS"|"FS,Crucis March,Minette Operational Area,Point Barrow Combat Region"
1664|"FS"|"FS,Crucis March,Minette Operational Area,Broken Wheel Combat Region"
1670|"LC"|"LC,Tamar Pact,Tamar Domains"
1671|"FS"|"FS,Crucis March,Minette Operational Area,Broken Wheel Combat Region"
1673|"TC"|"TC,Hyades Union"
1686|"FS"|"FS,Capellan March,Taygeta Operational Area,Region 2"
1687|"FS"|"FS,Crucis March,Minette Operational Area,Broken Wheel Combat Region"
1688|"DC"|"DC,Benjamin Military District,Kajikazawa Prefecture"
1694|"FWL"|"FWL,Marik Commonwealth"
1699|"FWL"|"FWL,Marik Commonwealth"
1700|"CC"|"CC,Sian Commonality,Region 9"
1701|"DC"|"DC,Galedon Military District,Oshika Prefecture"
1703|"FS"|"FS,Draconis March,Woodbine Operational Area,Region 1"
1707|"FWL"|"FWL,Federation of Oriente"
1708|"CC"|"CC,St. Ives Commonality,Region 1"
1709|"LC"|"LC,Federation of Skye,Isle of Skye"
1713|"OA"|"OA,Cerberus Province"
1714|"FS"|"FS,Crucis March,Minette Operational Area,Point Barrow Combat Region,Minor Capital"
1716|"DC"|"DC,Benjamin Military District,Kajikazawa Prefecture"
1717|"LC"|"LC,Protectorate of Donegal,Coventry Province"
1719|"FS"|"FS,Draconis March,Robinson Operational Area,Region 1"
1720|"FS"|"FS,Draconis March,Woodbine Operational Area,Region 1"
1724|"CC"|"CC,Sian Commonality,Region 11"
1725|"OA"|"OA,Alpheratz Province"
1728|"DC"|"DC,Galedon Military District,Oshika Prefecture"
1732|"DC"|"DC,Galedon Military District,New Samarkand Prefecture"
1734|"MOC"|"MOC,Luxen Province"
1735|"LC"|"LC,Protectorate of Donegal,Coventry Province"
1738|"FS"|"FS,Crucis March,Minette Operational Area,Tsamma Combat Region"
1742|"MOC"|"MOC,Ballad Province"
1745|"FS"|"FS,Capellan March,Kathil Operational Area,Region 2"
1748|"I"|"I"
1750|"FS"|"FS,Crucis March,Chirikof Operational Area,Region 2"
1754|"CC"|"CC,Sarna Commonality,Region 6"
1756|"TD"|"TD"
1758|"LC"|"LC,Protectorate of Donegal,Coventry Province"
1760|"LC"|"LC,Tamar Pact,Camlann Shire"
1762|"FS"|"FS,Draconis March,Woodbine Operational Area,Region 1"
1771|"FWL"|"FWL,Duchy of Graham-Marik"
1773|"DC"|"DC,Benjamin Military District,Ashio Prefecture"
1774|"CC"|"CC,Sian Commonality,Region 12"
1778|"FWL"|"FWL,Principality of Regulus"
1782|"CC"|"CC,Tikonov Commonality,Region 4"
1783|"CC"|"CC,Capella Commonality,Region 5"
1784|"I"|"I"
1785|"DC"|"DC,Galedon Military District,Matsuida Prefecture"
1786|"FS"|"FS,Draconis March,Woodbine Operational Area,Region 1"
1789|"FWL"|"FWL"
1790|"DC"|"DC,Benjamin Military District,Kuzuu Prefecture"
1791|"DC"|"DC,Benjamin Military District,Baldur Prefecture"
1793|"DC"|"DC,Galedon Military District,New Samarkand Prefecture"
1798|"FS"|"FS,Capellan March,Taygeta Operational Area,Region 1"
1802|"FWL"|"FWL,Marik Commonwealth"
1803|"FS"|"FS,Crucis March,Markesan Operational Area,Region 2"
1806|"FWL"|"FWL,Rim Commonality"
1809|"OA"|"OA,Traders Domain"
1810|"LC"|"LC,Protectorate of Donegal,Furillo Province"
1812|"MOC"|"MOC,Canopus District"
1816|"FS"|"FS,Crucis March,Markesan Operational Area,Region 3,Faction Capital"
1818|"TH"|"TH,Lone Star Province"
1820|"CC"|"CC,Tikonov Commonality,Region 2"
1821|"LC"|"LC,Protectorate of Donegal,Coventry Province"
1823|"CC"|"CC,Capella Commonality,Region 2"
1826|"FWL"|"FWL,Federation of Oriente"
1833|"CC"|"CC,Tikonov Commonality,Region 3"
1835|"FWL"|"FWL"
1837|"FS"|"FS,Draconis March,Robinson Operational Area,Region 2"
1838|"LC"|"LC,Federation of Skye,Rahneshire"
1839|"CC"|"CC,Sarna Commonality,Region 5"
1846|"CC"|"CC,Sian Commonality,Region 13"
1847|"CC"|"CC,Capella Commonality,Region 4"
1848|"DC"|"DC,Galedon Military District,New Samarkand Prefecture,Minor Capital"
1849|"DC"|"DC,Pesht Military District,Pusht-i-rud Prefecture"
1850|"CC"|"CC,Sarna Commonality,Region 3"
1851|"DC"|"DC,Pesht Military District,Bjarred Prefecture"
1852|"TH"|"TH,Lockdale Province"
1853|"DC"|"DC,Benjamin Military District,Proserpina Prefecture"
1861|"FWL"|"FWL,Marik Commonwealth"
1863|"LC"|"LC,Protectorate of Donegal,Coventry Province"
1865|"FWL"|"FWL,Principality of Regulus"
1867|"LC"|"LC,Protectorate of Donegal,Alarion Province"
1869|"CC"|"CC,Sian Commonality,Region 8"
1870|"FWL"|"FWL"
1878|"FS"|"FS,Crucis March,Chirikof Operational Area,Region 1"
1881|"CC"|"CC,Capella Commonality,Region 3"
1884|"FWL"|"FWL"
1885|"FS"|"FS,Crucis March,Chirikof Operational Area,Region 1"
1893|"FS"|"FS,Crucis March,Markesan Operational Area,Region 2"
1895|"TH"|"TH,Lockdale Province"
1898|"FS"|"FS,Draconis March,Fairfax Operational Area,Region 1"
1899|"FWL"|"FWL,Federation of Oriente"
1902|"I"|"I"
1905|"LC"|"LC,Tamar Pact,Camlann Shire"
1920|"DC"|"DC,Pesht Military District,Kagoshima Prefecture"
1922|"LC"|"LC,Protectorate of Donegal,District of Donegal"
1924|"FS"|"FS,Crucis March,Minette Operational Area,Anjin Muerto Combat Region"
1927|"CC"|"CC,Tikonov Commonality,Region 4"
1928|"FS"|"FS,Capellan March,Taygeta Operational Area,Region 2"
1931|"FWL"|"FWL,Regulan Free States"
1932|"FS"|"FS,Draconis March,Robinson Operational Area,Region 1"
1934|"CC"|"CC,Sarna Commonality,Region 3"
1944|"FS"|"FS,Capellan March,Kathil Operational Area,Region 2"
1951|"LC"|"LC,Protectorate of Donegal,Alarion Province"
1952|"DC"|"DC,Galedon Military District,Oshika Prefecture,Minor Capital"
1953|"DC"|"DC,Benjamin Military District,Kajikazawa Prefecture"
1954|"OA"|"OA,Cerberus Province"
1960|"OA"|"OA,Traders Domain"
1962|"DC"|"DC,Rasalhague Military District,Radstadt Prefecture"
1964|"CC"|"CC,Capella Commonality,Region 8"
1966|"LC"|"LC,Tamar Pact,Tamar Domains"
1969|"TC"|"TC,Hyades Union"
1973|"MOC"|"MOC,Luxen Province"
1975|"CC"|"CC,Sarna Commonality,Region 4"
1976|"LC"|"LC,Tamar Pact,Tamar Domains"
1977|"LC"|"LC,Protectorate of Donegal,Coventry Province"
1978|"FWL"|"FWL"
1980|"CC"|"CC,Sian Commonality,Region 14"
1986|"TC"|"TC,Hyades Union"
1987|"FS"|"FS,Draconis March,Robinson Operational Area,Region 2"
1990|"I"|"I"
1992|"I"|"I"
1993|"LC"|"LC,Protectorate of Donegal,Coventry Province"
1999|"FWL"|"FWL,Federation of Oriente"
2000|"CC"|"CC,Sian Commonality,Region 14"
2001|"FWL"|"FWL,Principality of Regulus"
2008|"LC"|"LC,Protectorate of Donegal,Alarion Province"
2009|"CC"|"CC,Sian Commonality,Region 11"
2010|"FS"|"FS,Crucis March,Minette Operational Area,Point Barrow Combat Region"
2012|"DC"|"DC,Galedon Military District,Kaznejoy Prefecture"
2013|"CC"|"CC,Capella Commonality,Region 5"
2014|"CC"|"CC,Andurien Commonality,Region 2"
2015|"LC"|"LC,Tamar Pact,Tamar Domains"
2018|"FS"|"FS,Crucis March,Markesan Operational Area,Region 2"
2019|"CC"|"CC,Sarna Commonality,Region 3"
2020|"LC"|"LC,Federation of Skye,Kannon Shire"
2024|"DC"|"DC,Benjamin Military District,Ashio Prefecture"
2031|"TC"|"TC,Hyades Union"
2032|"FWL"|"FWL"
2033|"DC"|"DC,Rasalhague Military District,Trondheim Prefecture"
2036|"LC"|"LC,Tamar Pact,Trellshire"
2038|"FS"|"FS,Capellan March,Taygeta Operational Area,Region 2"
2041|"FS"|"FS,Crucis March,Markesan Operational Area,Region 2"
2046|"DC"|"DC,Benjamin Military District,Ashio Prefecture"
2049|"DC"|"DC,Rasalhague Military District,Radstadt Prefecture"
2054|"LC"|"LC,Protectorate of Donegal,Coventry Province"
2057|"LC"|"LC,Protectorate of Donegal,Alarion Province"
2062|"LC"|"LC,Protectorate of Donegal,Alarion Province"
2064|"I"|"I"
2067|"CC"|"CC,Sian Commonality,Region 8"
2069|"FS"|"FS,Draconis March,Woodbine Operational Area,Region 1"
2070|"OA"|"OA,Cerberus Province"
2073|"MOC"|"MOC,Luxen Province"
2074|"FWL"|"FWL"
2075|"CC"|"CC,Capella Commonality,Region 1"
2079|"FS"|"FS,Capellan March,Taygeta Operational Area,Region 1"
2080|"CC"|"CC,Sian Commonality,Region 5"
2082|"OA"|"OA,Blommestein Province"
2083|"TC"|"TC,Brinton Union"
2087|"LC"|"LC,Tamar Pact,Camlann Shire"
2089|"LC"|"LC,Tamar Pact,Camlann Shire"
2092|"CC"|"CC,Sarna Commonality,Region 4"
2093|"TH"|"TH,Lockdale Province"
2095|"LC"|"LC,Protectorate of Donegal,Alarion Province"
2096|"CC"|"CC,Sian Commonality,Region 9"
2097|"FS"|"FS,Crucis March,Markesan Operational Area,Region 3"
2099|"FS"|"FS,Crucis March,Markesan Operational Area,Region 2"
2100|"OA"|"OA,Blommestein Province"
2102|"LC"|"LC,Protectorate of Donegal,Alarion Province"
2104|"DC"|"DC,Rasalhague Military District,Radstadt Prefecture"
2105|"LC"|"LC,Protectorate of Donegal,Alarion Province"
2107|"OA"|"OA,Traders Domain"
2108|"FWL"|"FWL,Federation of Oriente"
2113|"CC"|"CC,Capella Commonality,Region 1"
2120|"LC"|"LC,Protectorate of Donegal,Alarion Province"
2122|"LC"|"LC,Tamar Pact,Camlann Shire"
2124|"LC"|"LC,Tamar Pact,Tamar Domains"
2127|"FS"|"FS,Crucis March,Minette Operational Area,Broken Wheel Combat Region"
2128|"LC"|"LC,Protectorate of Donegal,Alarion Province"
2130|"MOC"|"MOC,Luxen Province"
2135|"FS"|"FS,Crucis March,Markesan Operational Area,Region 3"
2137|"FWL"|"FWL,Marik Commonwealth"
2138|"TC"|"TC,Hyades Union"
2140|"OA"|"OA,Traders Domain"
2141|"CC"|"CC,Sian Commonality,Region 14"
2142|"LC"|"LC,Tamar Pact,Trellshire"
2143|"FS"|"FS,Crucis March,Minette Operational Area,Anjin Muerto Combat Region"
2145|"FWL"|"FWL"
2148|"FWL"|"FWL"
2151|"DC"|"DC,Rasalhague Military District,Trondheim Prefecture"
2154|"FS"|"FS,Capellan March,Taygeta Operational Area,Region 2"
2166|"TC"|"TC,Brinton Union"
2168|"LC"|"LC,Tamar Pact,Trellshire"
2169|"FWL"|"FWL"
2170|"FS"|"FS,Capellan March,Taygeta Operational Area,Region 2"
2171|"FWL"|"FWL"
2173|"OA"|"OA,Onverwacht Province"
2175|"FS"|"FS,Crucis March,Markesan Operational Area,Region 1"
2176|"FS"|"FS,Draconis March,Woodbine Operational Area,Region 2"
2194|"CC"|"CC,Andurien Commonality,Region 2"
2196|"FWL"|"FWL"
2199|"LC"|"LC,Protectorate of Donegal,Coventry Province"
2201|"FWL"|"FWL"
2216|"DC"|"DC,Pesht Military District,Pusht-i-rud Prefecture"
2217|"I"|"I"
2222|"OA"|"OA,Traders Domain"
2223|"TC"|"TC,Hyades Union"
2227|"FS"|"FS,Crucis March,Markesan Operational Area,Region 1"
2230|"DC"|"DC,Galedon Military District,New Samarkand Prefecture"
2231|"FS"|"FS,Capellan March,Taygeta Operational Area,Region 2"
2233|"FWL"|"FWL"
2237|"LC"|"LC,Protectorate of Donegal,Coventry Province"
2241|"FWL"|"FWL,Marik Commonwealth"
2245|"TC"|"TC,Perdition Union"
2248|"FS"|"FS,Draconis March,Fairfax Operational Area,Region 2"
2249|"FS"|"FS,Crucis March,Markesan Operational Area,Region 2"
2253|"DC"|"DC,Pesht Military District,Bjarred Prefecture"
2258|"FWL"|"FWL"
2260|"FWL"|"FWL"
2261|"DC"|"DC,Galedon Military District,Kaznejoy Prefecture"
2262|"MOC"|"MOC,Ballad Province"
2265|"DC"|"DC,Pesht Military District,Coudoux Prefecture"
2267|"FS"|"FS,Crucis March,Markesan Operational Area,Region 1"
2279|"LC"|"LC,Protectorate of Donegal,Furillo Province"
2280|"DC"|"DC,Galedon Military District,Kaznejoy Prefecture"
2281|"I"|"I"
2287|"OA"|"OA,Ramora Province"
2289|"LC"|"LC,Protectorate of Donegal,Alarion Province"
2299|"FS"|"FS,Crucis March,Minette Operational Area,Anjin Muerto Combat Region"
2301|"CC"|"CC,Sarna Commonality,Region 1"
2304|"FWL"|"FWL"
2305|"FS"|"FS,Crucis March,Minette Operational Area,Broken Wheel Combat Region"
2309|"DC"|"DC,Pesht Military District,Kagoshima Prefecture"
2311|"DC"|"DC,Pesht Military District,Kagoshima Prefecture"
2315|"CC"|"CC,Sarna Commonality,Region 5"
2318|"OA"|"OA,Onverwacht Province"
2319|"CC"|"CC,Andurien Commonality,Region 1"
2322|"CC"|"CC,St. Ives Commonality,Region 3"
2323|"FS"|"FS,Crucis March,Minette Operational Area,Point Barrow Combat Region"
2325|"CC"|"CC,Sarna Commonality,Region 3"
2326|"I"|"I"
2328|"CC"|"CC,Sarna Commonality,Region 1"
2330|"LC"|"LC,Protectorate of Donegal,Alarion Province"
2331|"FWL"|"FWL"
2332|"DC"|"DC,Galedon Military District,New Samarkand Prefecture"
2333|"CC"|"CC,Sian Commonality,Region 7"
2336|"I"|"I"
2338|"FWL"|"FWL,Abbey District"
2342|"FWL"|"FWL"
2344|"DC"|"DC,Galedon Military District,New Samarkand Prefecture"
2346|"TH"|"TH,Alliance Core"
2348|"LC"|"LC,Tamar Pact,Camlann Shire"
2352|"I"|"I"
2358|"I"|"I"
2360|"TH"|"TH,Lockdale Province"
2362|"FS"|"FS,Capellan March,Kathil Operational Area,Region 2"
2367|"FS"|"FS,Crucis March,Minette Operational Area,Broken Wheel Combat Region"
2368|"FS"|"FS,Crucis March,Markesan Operational Area,Region 2"
2369|"LC"|"LC,Protectorate of Donegal,Furillo Province"
2370|"TH"|"TH,Alliance Core,Faction Capital"
2371|"FWL"|"FWL"
2373|"LC"|"LC,Tamar Pact,Trellshire"
2375|"FS"|"FS,Crucis March,Chirikof Operational Area,Region 2"
2378|"OA"|"OA,Blommestein Province"
2379|"FWL"|"FWL,Federation of Oriente"
2382|"FS"|"FS,Crucis March,Chirikof Operational Area,Region 1"
2383|"FWL"|"FWL,Principality of Regulus"
2384|"I"|"I"
2389|"FS"|"FS,Crucis March,Minette Operational Area,Broken Wheel Combat Region"
2391|"CC"|"CC,St. Ives Commonality,Region 2,Major Capital"
2393|"CC"|"CC,St. Ives Commonality,Region 4"
2395|"CC"|"CC,Capella Commonality,Region 4"
2400|"LC"|"LC,Protectorate of Donegal,Alarion Province"
2401|"I"|"I"
2402|"LC"|"LC,Protectorate of Donegal,Alarion Province"
2411|"TC"|"TC,Perdition Union"
2420|"FS"|"FS,Draconis March,Woodbine Operational Area,Region 2"
2422|"FS"|"FS,Crucis March,Markesan Operational Area,Region 2"
2424|"FS"|"FS,Draconis March,Woodbine Operational Area,Region 1"
2435|"LC"|"LC,Protectorate of Donegal,District of Donegal"
2440|"LC"|"LC,Protectorate of Donegal,District of Donegal"
2442|"FS"|"FS,Crucis March,Chirikof Operational Area,Region 1"
2445|"I"|"I"
2447|"DC"|"DC,Rasalhague Military District,Radstadt Prefecture"
2451|"LC"|"LC,Protectorate of Donegal,Coventry Province"
2455|"LC"|"LC,Federation of Skye,Kannon Shire"
2458|"LC"|"LC,Federation of Skye,Isle of Skye"
2460|"FWL"|"FWL"
2461|"FWL"|"FWL"
2462|"DC"|"DC,Galedon Military District,New Samarkand Prefecture"
2463|"FWL"|"FWL"
2467|"FS"|"FS,Crucis March,Markesan Operational Area,Region 3"
2473|"FS"|"FS,Draconis March,Fairfax Operational Area,Region 1"
2479|"FS"|"FS,Draconis March,Woodbine Operational Area,Region 2"
2481|"DC"|"DC,Benjamin Military District,Xinyang Prefecture"
2483|"FWL"|"FWL,Stewart Confederation"
2487|"OA"|"OA,Traders Domain"
2489|"LC"|"LC,Protectorate of Donegal,Alarion Province"
2497|"DC"|"DC,Benjamin Military District,Kajikazawa Prefecture"
2507|"FS"|"FS,Capellan March,Kathil Operational Area,Region 1"
2511|"DC"|"DC,Benjamin Military District,Ashio Prefecture"
2513|"CC"|"CC,St. Ives Commonality,Region 5"
2514|"CC"|"CC,Andurien Commonality,Region 2"
2517|"CC"|"CC,Tikonov Commonality,Region 1"
2518|"LC"|"LC,Protectorate of Donegal,District of Donegal"
2530|"DC"|"DC,Rasalhague Military District,Tinaca Prefecture"
2533|"DC"|"DC,Pesht Military District,Ningxia Prefecture"
2534|"FWL"|"FWL,Marik Commonwealth"
2535|"TH"|"TH,Alliance Core"
2543|"DC"|"DC,Galedon Military District,New Samarkand Prefecture"
2545|"CC"|"CC,Tikonov Commonality,Region 3,Major Capital"
2548|"LC"|"LC,Protectorate of Donegal,Coventry Province"
2549|"LC"|"LC,Protectorate of Donegal,Coventry Province"
2550|"DC"|"DC,Rasalhague Military District,Tinaca Prefecture,Minor Capital"
2552|"TC"|"TC,Perdition Union"
2553|"FS"|"FS,Crucis March,Chirikof Operational Area,Region 2"
2556|"FS"|"FS,Crucis March,Markesan Operational Area,Region 1"
2558|"DC"|"DC,Galedon Military District,Oshika Prefecture"
2559|"FWL"|"FWL"
2564|"FWL"|"FWL,Marik Commonwealth"
2569|"TD"|"TD,Faction Capital"
2570|"OA"|"OA,Ramora Province"
2571|"OA"|"OA,Onverwacht Province"
2579|"FWL"|"FWL"
2588|"DC"|"DC,Rasalhague Military District,Trondheim Prefecture,Minor Capital"
2591|"MOC"|"MOC,Luxen Province"
2592|"FS"|"FS,Crucis March,Minette Operational Area,Tsamma Combat Region"
2595|"CC"|"CC,Sarna Commonality,Region 6"
2604|"FS"|"FS,Capellan March,Kathil Operational Area,Region 2"
2607|"DC"|"DC,Pesht Military District,Kagoshima Prefecture"
2610|"FWL"|"FWL"
2612|"I"|"I"
2616|"FWL"|"FWL"
2617|"LC"|"LC,Protectorate of Donegal,Alarion Province"
2619|"CC"|"CC,Sarna Commonality,Region 4"
2631|"CC"|"CC,Sian Commonality,Region 13"
2642|"LC"|"LC,Protectorate of Donegal,District of Donegal"
2644|"LC"|"LC,Protectorate of Donegal,Alarion Province"
2650|"I"|"I"
2659|"CC"|"CC,Capella Commonality,Region 1"
2662|"I"|"I"
2668|"CC"|"CC,Sian Commonality,Region 6"
2670|"LC"|"LC,Protectorate of Donegal,Alarion Province"
2671|"CC"|"CC,Sarna Commonality,Region 1"
2672|"FS"|"FS,Draconis March,Fairfax Operational Area,Region 2"
2677|"LC"|"LC,Protectorate of Donegal,Alarion Province"
2678|"FS"|"FS,Crucis March,Markesan Operational Area,Region 1"
2685|"FS"|"FS,Capellan March,Taygeta Operational Area,Region 2"
2688|"CC"|"CC,Andurien Commonality,Region 2"
2693|"DC"|"DC,Rasalhague Military District,Radstadt Prefecture"
2696|"I"|"I"
2697|"LC"|"LC,Protectorate of Donegal,Alarion Province"
2698|"MOC"|"MOC,Ballad Province"
2700|"LC"|"LC,Tamar Pact,Tamar Domains"
2707|"LC"|"LC,Protectorate of Donegal,Coventry Province"
2710|"OA"|"OA,Blommestein Province"
2711|"FS"|"FS,Crucis March,Minette Operational Area,Broken Wheel Combat Region"
2713|"DC"|"DC,Galedon Military District,Kaznejoy Prefecture"
2714|"LC"|"LC,Tamar Pact,Trellshire"
2716|"FWL"|"FWL,Principality of Regulus"
2717|"CC"|"CC,Sian Commonality,Region 10"
2719|"FS"|"FS,Capellan March,Taygeta Operational Area,Region 1"
2720|"CC"|"CC,Sian Commonality,Region 15"
2721|"CC"|"CC,St. Ives Commonality,Region 5"
2723|"LC"|"LC,Protectorate of Donegal,District of Donegal"
2724|"FWL"|"FWL"
2726|"FWL"|"FWL,Duchy of Andurien"
2727|"FS"|"FS,Draconis March,Fairfax Operational Area,Region 2"
2730|"I"|"I"
2732|"CC"|"CC,St. Ives Commonality,Region 5"
2739|"DC"|"DC,Galedon Military District,Kaznejoy Prefecture"
2740|"MOC"|"MOC,Ballad Province"
2742|"FS"|"FS,Capellan March,Taygeta Operational Area,Region 1"
2746|"FS"|"FS,Capellan March,Taygeta Operational Area,Region 1"
2748|"LC"|"LC,Protectorate of Donegal,District of Donegal"
2750|"FWL"|"FWL"
2751|"CC"|"CC,Sarna Commonality,Region 2"
2752|"FS"|"FS,Crucis March,Minette Operational Area,Broken Wheel Combat Region"
2758|"LC"|"LC,Protectorate of Donegal,Coventry Province"
2760|"I"|"I"
2764|"I"|"I"
2766|"FWL"|"FWL"
2767|"DC"|"DC,Galedon Military District,Kaznejoy Prefecture"
2769|"DC"|"DC,Pesht Military District,Kagoshima Prefecture"
2770|"FWL"|"FWL"
2772|"FS"|"FS,Draconis March,Woodbine Operational Area,Region 1,Minor Capital"
2774|"TC"|"TC,Hyades Union"
2779|"LC"|"LC,Protectorate of Donegal,Coventry Province"
2782|"OA"|"OA,Traders Domain,Major Capital"
2789|"DC"|"DC,Benjamin Military District,Xinyang Prefecture,Minor Capital"
2791|"FS"|"FS,Crucis March,Minette Operational Area,Anjin Muerto Combat Region"
2793|"CC"|"CC,Tikonov Commonality,Region 2"
2797|"LC"|"LC,Federation of Skye,Virginia Shire"
2800|"I"|"I"
2804|"OA"|"OA,Onverwacht Province"
2806|"DC"|"DC,Benjamin Military District,Xinyang Prefecture"
2807|"CC"|"CC,Sarna Commonality,Region 1"
2809|"FS"|"FS,Crucis March,Chirikof Operational Area,Region 1"
2811|"OA"|"OA,Traders Domain"
2812|"FS"|"FS,Capellan March,Taygeta Operational Area,Region 2"
2821|"MOC"|"MOC,Canopus District"
2838|"CC"|"CC,Sian Commonality,Region 5"
2839|"I"|"I"
2842|"DC"|"DC,Galedon Military District,New Samarkand Prefecture"
2848|"LC"|"LC,Protectorate of Donegal,Alarion Province"
2855|"U"|"U"
2858|"U"|"U"
2863|"U"|"U"
2867|"LL"|"LL"
2869|"LL"|"LL"
2870|"LL"|"LL"
2878|"U"|"U"
2879|"U"|"U"
2882|"DC"|"DC,Pesht Military District,Coudoux Prefecture"
2883|"U"|"U"
2885|"U"|"U"
2886|"U"|"U"
2887|"U"|"U"
2889|"U"|"U"
2892|"U"|"U"
2893|"U"|"U"
2897|"U"|"U"
2899|"U"|"U"
2901|"U"|"U"
2902|"U"|"U"
2909|"U"|"U"
2912|"I"|"I"
2919|"U"|"U"
2920|"U"|"U"
2922|"A"|"A"
2923|"FS"|"FS,Capellan March,Kathil Operational Area,Region 1"
2926|"U"|"U"
2933|"SLIE"|"SLIE,Faction Capital"
2935|"U"|"U"
2936|"U"|"U"
2938|"U"|"U"
2941|"U"|"U"
2942|"U"|"U"
2944|"U"|"U"
2949|"U"|"U"
2952|"U"|"U"
2955|"U"|"U"
2957|"U"|"U"
2958|"U"|"U"
2966|"U"|"U"
2967|"U"|"U"
2970|"U"|"U"
2972|"NC"|"NC"
2973|"NC"|"NC"
2976|"NC"|"NC"
2981|"U"|"U"
2983|"U"|"U"
2986|"U"|"U"
2987|"U"|"U"
2994|"U"|"U"
3000|"U"|"U"
3008|"U"|"U"
3010|"U"|"U"
3012|"U"|"U"
3022|"U"|"U"
3023|"U"|"U"
3025|"U"|"U"
3027|"U"|"U"
3028|"U"|"U"
3029|"U"|"U"
3040|"U"|"U"
3047|"U"|"U"
3051|"U"|"U"
3053|"U"|"U"
3055|"U"|"U"
3057|"U"|"U"
3060|"I"|"I"
3061|"U"|"U"
3062|"U"|"U"
3063|"U"|"U"
3065|"AP"|"AP"
3069|"AP"|"AP"
3075|"AP"|"AP,Faction Capital"
3077|"U"|"U"
3083|"TH"|"TH"
3085|"A"|"A"
3088|"TH"|"TH"
3089|"U"|"U"
3090|"U"|"U"
3091|"U"|"U"
3092|"U"|"U"
3095|"NDC"|"NDC"
3096|"NDC"|"NDC"
3099|"NDC"|"NDC"
3105|"U"|"U"
3109|"U"|"U"
3110|"I"|"I"
3119|"U"|"U"
3120|"I"|"I"
3121|"A"|"A"
3123|"U"|"U"
3124|"U"|"U"
3131|"U"|"U"
3133|"U"|"U"
3134|"U"|"U"
3142|"U"|"U"
3143|"A"|"A"
3150|"U"|"U"
3151|"I"|"I"
3156|"U"|"U"
3164|"U"|"U"
3166|"I"|"I"
3168|"U"|"U"
3173|"U"|"U"
3174|"U"|"U"
